{"cameraMode":{"drawMode":0,"name":"Shaded","section":"Shading Mode"},"sceneLighting":true,"audioPlay":false,"sceneViewState":{"showFog":true,"showMaterialUpdate":false,"showSkybox":true,"showFlares":true,"showImageEffects":true,"showParticleSystems":true},"in2DMode":false,"pivot":{"x":1.2342551946640015,"y":23.36594581604004,"z":-8.801513671875},"rotation":{"x":-0.08270006626844406,"y":0.018532264977693559,"z":-0.001532763708382845,"w":-0.9964078068733215},"size":13.941350936889649,"orthographic":false}