{"cameraMode":{"drawMode":0,"name":"Shaded","section":"Shading Mode"},"sceneLighting":false,"audioPlay":false,"sceneViewState":{"showFog":true,"showMaterialUpdate":false,"showSkybox":false,"showFlares":true,"showImageEffects":true,"showParticleSystems":true},"in2DMode":false,"pivot":{"x":0.1540319174528122,"y":2.7751247882843019,"z":1.0108373165130616},"rotation":{"x":-0.18375509977340699,"y":0.006484853569418192,"z":-0.0012124709319323302,"w":-0.9829522967338562},"size":2.6011457443237306,"orthographic":false}